Submission id,Fluent languages,U.s. political affiliation,Deception,Gender,Ethnicity,Highest education level completed,Household income (usd) [us participants only],2020 us presidential election,2024 us presidential election,Age,Sex,Ethnicity simplified,Country of birth,Country of residence,Nationality,Language,Student status,Employment status
691b761b7670cf04035a7f82,English,Republican,"Yes, I would be comfortable to take part in such a study",Woman (including Trans Female/Trans Woman),White,High school diploma/A-levels,$30000–$39999,Donald Trump,Donald Trump,72,Female,White,United States,United States,United States,English,No,"Not in paid work (e.g. homemaker', 'retired or disabled)"
691b761f909679c3a69ce778,English,Republican,"Yes, I would be comfortable to take part in such a study",Man (including Trans Male/Trans Man),White,High school diploma/A-levels,$40000–$49999,Donald Trump,Donald Trump,42,Male,White,United States,United States,United States,English,Yes,Unemployed (and job seeking)
691b76215959f2b86d76266a,English,Republican,"Yes, I would be comfortable to take part in such a study",Man (including Trans Male/Trans Man),Latino/Hispanic,Undergraduate degree (BA/BSc/other),$90000–$99999,Rather not say or N/A,Donald Trump,34,Male,White,United States,United States,United States,English,DATA_EXPIRED,DATA_EXPIRED
691b76229728181ea7d2b8b3,English,Republican,"Yes, I would be comfortable to take part in such a study",Woman (including Trans Female/Trans Woman),White,High school diploma/A-levels,$50000–$59999,Donald Trump,Donald Trump,42,Female,White,United States,United States,United States,English,No,Full-Time
691b76281d3639c4e561b89e,English,Republican,"Yes, I would be comfortable to take part in such a study",Man (including Trans Male/Trans Man),White,Undergraduate degree (BA/BSc/other),$100000–$149999,Donald Trump,Donald Trump,31,Male,White,United States,United States,United States,English,Yes,Full-Time
691b763548f95077e9a319ae,English,Republican,"Yes, I would be comfortable to take part in such a study",Woman (including Trans Female/Trans Woman),White,Technical/community college,$70000–$79999,Donald Trump,Donald Trump,55,Female,White,United States,United States,United States,English,No,Full-Time
691b763c7464d777f6bd6548,English,Republican,"Yes, I would be comfortable to take part in such a study",Woman (including Trans Female/Trans Woman),White,Technical/community college,$40000–$49999,Donald Trump,Donald Trump,71,Female,White,United States,United States,United States,English,No,"Not in paid work (e.g. homemaker', 'retired or disabled)"
691b76465d649c787f91a19b,English,Republican,"Yes, I would be comfortable to take part in such a study",Woman (including Trans Female/Trans Woman),White,Technical/community college,$20000–$29999,Donald Trump,Donald Trump,61,Female,White,United States,United States,United States,English,No,Full-Time
691b76496f07aef93e727824,English,Republican,"Yes, I would be comfortable to take part in such a study",Man (including Trans Male/Trans Man),White,Technical/community college,$20000–$29999,Donald Trump,Donald Trump,65,Male,White,United States,United States,United States,English,No,Part-Time
691b764ee0d08f9dd446f143,English,Republican,"Yes, I would be comfortable to take part in such a study",Man (including Trans Male/Trans Man),White,Undergraduate degree (BA/BSc/other),Less than $10000,Donald Trump,Donald Trump,37,Male,White,United States,United States,United States,English,No,Part-Time
691b765118f4e0a33da7de4c,English,Republican,"Yes, I would be comfortable to take part in such a study",Man (including Trans Male/Trans Man),White,Undergraduate degree (BA/BSc/other),More than $150000,Joe Biden,Kamala Harris,55,Male,White,United States,United States,United States,English,No,Full-Time
691b765425f9aa7a3a3842fe,English,Republican,"Yes, I would be comfortable to take part in such a study",Man (including Trans Male/Trans Man),White,Technical/community college,$40000–$49999,Donald Trump,Donald Trump,66,Male,White,United States,United States,United States,English,No,"Not in paid work (e.g. homemaker', 'retired or disabled)"
691b76549325795b271d0612,English,Republican,"Yes, I would be comfortable to take part in such a study",Woman (including Trans Female/Trans Woman),White,Technical/community college,$30000–$39999,Donald Trump,Donald Trump,43,Female,White,United States,United States,United States,English,No,Full-Time
691b7656500c23ffd2cff369,English,Republican,"Yes, I would be comfortable to take part in such a study",Woman (including Trans Female/Trans Woman),Mixed,Doctorate degree (PhD/other),$100000–$149999,I did not vote,I did not vote,27,Female,Mixed,United States,United States,United States,English,Yes,Full-Time
691b765dfb16e4b0755df6e0,English,Republican,"Yes, I would be comfortable to take part in such a study",Woman (including Trans Female/Trans Woman),White,Undergraduate degree (BA/BSc/other),$50000–$59999,Donald Trump,Donald Trump,43,Female,White,United States,United States,United States,English,No,Full-Time
691b7671a75ce0406e74b6bc,"English, Spanish",Republican,"Yes, I would be comfortable to take part in such a study",Man (including Trans Male/Trans Man),Latino/Hispanic,Technical/community college,$50000–$59999,Donald Trump,Donald Trump,43,Male,Other,United States,United States,United States,English,No,Full-Time
691b7687d82a679c969a1bab,English,Republican,"Yes, I would be comfortable to take part in such a study",Woman (including Trans Female/Trans Woman),White,High school diploma/A-levels,$50000–$59999,Donald Trump,Donald Trump,62,Female,White,United States,United States,United States,English,No,Full-Time
691b7690792493aa23f21b60,English,Republican,"Yes, I would be comfortable to take part in such a study",Woman (including Trans Female/Trans Woman),White,Undergraduate degree (BA/BSc/other),More than $150000,Donald Trump,Donald Trump,52,Female,White,United States,United States,United States,English,No,"Not in paid work (e.g. homemaker', 'retired or disabled)"
691b76aebf4b1cc270a37459,English,Republican,"Yes, I would be comfortable to take part in such a study",Man (including Trans Male/Trans Man),White,Undergraduate degree (BA/BSc/other),$20000–$29999,Donald Trump,Donald Trump,36,Male,White,United States,United States,United States,English,No,Full-Time
691b76bb180d96d83ae73e06,English,Republican,"Yes, I would be comfortable to take part in such a study",Woman (including Trans Female/Trans Woman),White,Secondary education (e.g. GED/GCSE),$16000–$19999,Donald Trump,Donald Trump,62,Female,White,United States,United States,United States,English,No,"Not in paid work (e.g. homemaker', 'retired or disabled)"
691b76c727a192d50762a45d,English,Republican,"Yes, I would be comfortable to take part in such a study",Woman (including Trans Female/Trans Woman),White,High school diploma/A-levels,$40000–$49999,Donald Trump,Donald Trump,53,Female,White,United States,United States,United States,English,No,"Not in paid work (e.g. homemaker', 'retired or disabled)"
691b76d43fd7724891cafeeb,English,Republican,"Yes, I would be comfortable to take part in such a study",Woman (including Trans Female/Trans Woman),Latino/Hispanic,Undergraduate degree (BA/BSc/other),More than $150000,Donald Trump,Donald Trump,30,Female,Other,United States,United States,United States,English,DATA_EXPIRED,DATA_EXPIRED
691b76de41a8b77bdac6a68e,English,Republican,"Yes, I would be comfortable to take part in such a study",Man (including Trans Male/Trans Man),White,Undergraduate degree (BA/BSc/other),$16000–$19999,Other candidate,I did not vote,45,Male,White,United States,United States,United States,English,No,"Not in paid work (e.g. homemaker', 'retired or disabled)"
691b76e08094ec366e55be36,English,Republican,"Yes, I would be comfortable to take part in such a study",Woman (including Trans Female/Trans Woman),White,Undergraduate degree (BA/BSc/other),More than $150000,Donald Trump,Donald Trump,56,Female,White,United States,United States,United States,English,No,"Not in paid work (e.g. homemaker', 'retired or disabled)"
691b76e74b41fa7fb98a091e,"English, Russian, Spanish",Republican,"Yes, I would be comfortable to take part in such a study",Man (including Trans Male/Trans Man),Black/African American,High school diploma/A-levels,$80000–$89999,Donald Trump,Donald Trump,34,Male,Black,United States,United States,United States,English,No,Full-Time
691b7702529f0f9a29ab6d25,English,Republican,"Yes, I would be comfortable to take part in such a study",Man (including Trans Male/Trans Man),White,Graduate degree (MA/MSc/MPhil/other),$30000–$39999,Donald Trump,Donald Trump,54,Male,White,United States,United States,United States,English,No,Part-Time
691b771c39daf4903ed2b862,English,Republican,"Yes, I would be comfortable to take part in such a study",Woman (including Trans Female/Trans Woman),Mixed,Undergraduate degree (BA/BSc/other),More than $150000,Donald Trump,Donald Trump,50,Female,Mixed,United States,United States,United States,English,DATA_EXPIRED,DATA_EXPIRED
691b77288827d2d90e413a33,English,Republican,"Yes, I would be comfortable to take part in such a study",Man (including Trans Male/Trans Man),White,Graduate degree (MA/MSc/MPhil/other),More than $150000,Donald Trump,Donald Trump,36,Male,White,United States,United States,United States,English,DATA_EXPIRED,DATA_EXPIRED
691b7731aab368aaeb9eb778,English,Republican,"Yes, I would be comfortable to take part in such a study",Man (including Trans Male/Trans Man),White,Undergraduate degree (BA/BSc/other),$80000–$89999,Other candidate,Other candidate,50,Male,White,United States,United States,United States,English,No,Full-Time
691b773725d3d0c18048d6fd,English,Republican,"Yes, I would be comfortable to take part in such a study",Man (including Trans Male/Trans Man),White,Undergraduate degree (BA/BSc/other),$100000–$149999,Donald Trump,Donald Trump,48,Male,White,United States,United States,United States,English,No,Full-Time
691b774583572686ad6eb8b7,English,Republican,"Yes, I would be comfortable to take part in such a study",Man (including Trans Male/Trans Man),White,High school diploma/A-levels,$50000–$59999,I did not vote,Kamala Harris,41,Male,White,United States,United States,United States,English,DATA_EXPIRED,DATA_EXPIRED
691b77556ab82ff3e4af2c04,English,Republican,"Yes, I would be comfortable to take part in such a study",Man (including Trans Male/Trans Man),White,Technical/community college,More than $150000,Donald Trump,Donald Trump,65,Male,White,United States,United States,United States,English,No,Full-Time
691b777217be02e6a902b6dd,English,Republican,"Yes, I would be comfortable to take part in such a study",Woman (including Trans Female/Trans Woman),White,Technical/community college,$100000–$149999,Donald Trump,Donald Trump,62,Female,White,United States,United States,United States,English,No,Full-Time
691b777fe0f59b207fcb9047,English,Republican,"Yes, I would be comfortable to take part in such a study",Man (including Trans Male/Trans Man),White,High school diploma/A-levels,$50000–$59999,Donald Trump,Donald Trump,30,Male,White,United States,United States,United States,English,Yes,Unemployed (and job seeking)
691b77850f74b8db5a7d883f,English,Republican,"Yes, I would be comfortable to take part in such a study",Woman (including Trans Female/Trans Woman),White,Undergraduate degree (BA/BSc/other),$100000–$149999,Donald Trump,Donald Trump,37,Female,White,United States,United States,United States,English,Yes,Full-Time
691b778d88abf3f6255c9d70,English,Republican,"Yes, I would be comfortable to take part in such a study",Man (including Trans Male/Trans Man),White,Doctorate degree (PhD/other),$80000–$89999,Donald Trump,Donald Trump,32,Male,White,United States,United States,United States,English,No,Full-Time
691b77edd2175f56ffd06d72,English,Republican,"Yes, I would be comfortable to take part in such a study",Woman (including Trans Female/Trans Woman),White,Undergraduate degree (BA/BSc/other),$50000–$59999,Rather not say or N/A,Donald Trump,32,Female,White,United States,United States,United States,English,No,Full-Time
691b77f3f435cb0a564522d3,English,Republican,"Yes, I would be comfortable to take part in such a study",Woman (including Trans Female/Trans Woman),White,Undergraduate degree (BA/BSc/other),More than $150000,Donald Trump,Donald Trump,61,Female,White,United States,United States,United States,English,No,Full-Time
691b78008583050b82b0e2ee,English,Republican,"Yes, I would be comfortable to take part in such a study",Man (including Trans Male/Trans Man),White,Graduate degree (MA/MSc/MPhil/other),$100000–$149999,Donald Trump,Donald Trump,27,Male,White,United States,United States,United States,English,No,Full-Time
691b784117fb2e08892dcee6,English,Republican,"Yes, I would be comfortable to take part in such a study",Man (including Trans Male/Trans Man),White,High school diploma/A-levels,Less than $10000,Donald Trump,Donald Trump,28,Male,White,United States,United States,United States,English,No,Full-Time
691b7842dbc5577246e451e9,English,Republican,"Yes, I would be comfortable to take part in such a study",Woman (including Trans Female/Trans Woman),White,Technical/community college,$70000–$79999,Donald Trump,I did not vote,52,Female,White,United States,United States,United States,English,No,Full-Time
691b784d18f4e0a33da7de8f,English,Republican,"Yes, I would be comfortable to take part in such a study",Woman (including Trans Female/Trans Woman),White,Undergraduate degree (BA/BSc/other),$70000–$79999,Donald Trump,Donald Trump,37,Female,White,United States,United States,United States,English,No,Full-Time
691b785d630000df75215eee,English,Republican,"Yes, I would be comfortable to take part in such a study",Woman (including Trans Female/Trans Woman),White,Graduate degree (MA/MSc/MPhil/other),$100000–$149999,Donald Trump,Donald Trump,47,Female,White,United States,United States,United States,English,DATA_EXPIRED,Part-Time
691b7884d2566ecfb1b74313,English,Republican,"Yes, I would be comfortable to take part in such a study",Man (including Trans Male/Trans Man),White,Technical/community college,$90000–$99999,Donald Trump,Donald Trump,59,Male,White,United States,United States,United States,English,No,"Not in paid work (e.g. homemaker', 'retired or disabled)"
691b7889cf9a32fd938aabea,English,Republican,"Yes, I would be comfortable to take part in such a study",Man (including Trans Male/Trans Man),White,Graduate degree (MA/MSc/MPhil/other),$100000–$149999,Donald Trump,Donald Trump,37,Male,White,United States,United States,United States,English,No,Full-Time
691b78ab06ff68e9e1cdb604,English,Republican,"Yes, I would be comfortable to take part in such a study",Woman (including Trans Female/Trans Woman),White,Technical/community college,$50000–$59999,Donald Trump,Donald Trump,57,Female,White,United States,United States,United States,English,No,Part-Time
691b78afbf4b1cc270a374b6,English,Republican,"Yes, I would be comfortable to take part in such a study",Woman (including Trans Female/Trans Woman),White,Graduate degree (MA/MSc/MPhil/other),$100000–$149999,Donald Trump,Donald Trump,40,Female,White,United States,United States,United States,English,No,Full-Time
691b78d9491087c7a58a0d9e,English,Republican,"Yes, I would be comfortable to take part in such a study",Man (including Trans Male/Trans Man),White,Undergraduate degree (BA/BSc/other),$100000–$149999,Joe Biden,Kamala Harris,49,Male,White,United States,United States,United States,English,No,Full-Time
691b791b5d649c787f91a5d8,English,Republican,"Yes, I would be comfortable to take part in such a study",Woman (including Trans Female/Trans Woman),Black/African American,Undergraduate degree (BA/BSc/other),More than $150000,Donald Trump,Donald Trump,40,Female,Black,United States,United States,United States,English,No,Part-Time
691b7927093dbc773b672679,English,Republican,"Yes, I would be comfortable to take part in such a study",Man (including Trans Male/Trans Man),Latino/Hispanic,Undergraduate degree (BA/BSc/other),$60000–$69999,Donald Trump,Donald Trump,33,Male,Mixed,United States,United States,United States,English,No,Full-Time
691b7934f88f74eb10eb0e5d,English,Republican,"Yes, I would be comfortable to take part in such a study",Man (including Trans Male/Trans Man),White,Undergraduate degree (BA/BSc/other),$30000–$39999,Donald Trump,Donald Trump,79,Male,White,United States,United States,United States,English,No,"Not in paid work (e.g. homemaker', 'retired or disabled)"
691b79392e54fdede7ae99c3,English,Republican,"Yes, I would be comfortable to take part in such a study",Woman (including Trans Female/Trans Woman),Latino/Hispanic,Undergraduate degree (BA/BSc/other),$100000–$149999,Donald Trump,Donald Trump,33,Female,White,United States,United States,United States,English,No,Full-Time
691b7941c5f125e098565179,"English, French",Republican,"Yes, I would be comfortable to take part in such a study",Woman (including Trans Female/Trans Woman),Black/African American,Graduate degree (MA/MSc/MPhil/other),$50000–$59999,Donald Trump,Donald Trump,46,Female,Black,United States,United States,United States,English,DATA_EXPIRED,DATA_EXPIRED
691b794cc95a0c2a626913a1,English,Republican,"Yes, I would be comfortable to take part in such a study",Woman (including Trans Female/Trans Woman),White,Graduate degree (MA/MSc/MPhil/other),$50000–$59999,Donald Trump,Donald Trump,70,Female,White,United States,United States,United States,English,DATA_EXPIRED,DATA_EXPIRED
691b795d0d15683107c09e9b,English,Republican,"Yes, I would be comfortable to take part in such a study",Woman (including Trans Female/Trans Woman),White,Technical/community college,$60000–$69999,Donald Trump,Kamala Harris,64,Female,White,United States,United States,United States,English,No,Full-Time
691b79624ed5178bd96af704,English,Republican,"Yes, I would be comfortable to take part in such a study",Man (including Trans Male/Trans Man),Black/African American,Undergraduate degree (BA/BSc/other),$50000–$59999,I did not vote,Donald Trump,32,Male,Black,United States,United States,United States,English,No,Full-Time
691b7965f99b24e9d65a7fda,English,Republican,"Yes, I would be comfortable to take part in such a study",Woman (including Trans Female/Trans Woman),White,High school diploma/A-levels,More than $150000,Donald Trump,Donald Trump,65,Female,White,United States,United States,United States,English,No,Full-Time
691b797cca02c54526d53dd6,English,Republican,"Yes, I would be comfortable to take part in such a study",Man (including Trans Male/Trans Man),White,Doctorate degree (PhD/other),More than $150000,Donald Trump,I did not vote,56,Male,White,United States,United States,United States,English,No,Full-Time
691b797d3ed2ff6a5a405a1b,"English, Spanish",Republican,"Yes, I would be comfortable to take part in such a study",Man (including Trans Male/Trans Man),Mixed,Undergraduate degree (BA/BSc/other),More than $150000,Other candidate,Donald Trump,46,Male,Mixed,United States,United States,United States,English,No,Full-Time
691b799687c963f1990c5de5,English,Republican,"Yes, I would be comfortable to take part in such a study",Woman (including Trans Female/Trans Woman),White,Undergraduate degree (BA/BSc/other),More than $150000,Donald Trump,Donald Trump,44,Female,White,United States,United States,United States,English,No,Full-Time
691b799d3ca0441259d9dbed,English,Republican,"Yes, I would be comfortable to take part in such a study",Woman (including Trans Female/Trans Woman),White,Technical/community college,$50000–$59999,I did not vote,I did not vote,56,Female,White,United States,United States,United States,English,No,Full-Time
691b799ed2566ecfb1b74337,"English, Spanish",Republican,"Yes, I would be comfortable to take part in such a study",Man (including Trans Male/Trans Man),White,Undergraduate degree (BA/BSc/other),$100000–$149999,Joe Biden,Donald Trump,37,Male,White,United States,United States,United States,English,No,Full-Time
691b79b51dc5a6cce8f2f209,English,Republican,"Yes, I would be comfortable to take part in such a study",Man (including Trans Male/Trans Man),White,Undergraduate degree (BA/BSc/other),$100000–$149999,Donald Trump,Donald Trump,28,Male,White,United States,United States,United States,English,No,Full-Time
691b79cefb16e4b0755df740,English,Republican,"Yes, I would be comfortable to take part in such a study",Man (including Trans Male/Trans Man),White,Undergraduate degree (BA/BSc/other),$60000–$69999,I did not vote,Donald Trump,56,Male,White,United States,United States,United States,English,No,Full-Time
691b79dcc848ed0f4fd53dcc,"English, Spanish, Portuguese",Republican,"Yes, I would be comfortable to take part in such a study",Man (including Trans Male/Trans Man),White,Undergraduate degree (BA/BSc/other),$50000–$59999,Joe Biden,Donald Trump,38,Male,White,United States,United States,United States,Portuguese,No,Full-Time
691b79e0eea7dbf8f2aed806,English,Republican,"Yes, I would be comfortable to take part in such a study",Man (including Trans Male/Trans Man),White,High school diploma/A-levels,$50000–$59999,Donald Trump,Donald Trump,46,Male,White,United States,United States,United States,English,No,Full-Time
691b79e5249cb6befcb329cb,English,Republican,"Yes, I would be comfortable to take part in such a study",Man (including Trans Male/Trans Man),White,Technical/community college,$80000–$89999,Donald Trump,Donald Trump,41,Male,White,United States,United States,United States,English,No,Full-Time
691b79fde2dda19f2ebaabed,English,Republican,"Yes, I would be comfortable to take part in such a study",Man (including Trans Male/Trans Man),White,Technical/community college,$70000–$79999,I did not vote,Donald Trump,40,Male,White,United States,United States,United States,English,No,Full-Time
691b79fe787bb6e0524d30cc,English,Republican,"Yes, I would be comfortable to take part in such a study",Woman (including Trans Female/Trans Woman),White,Undergraduate degree (BA/BSc/other),$100000–$149999,Donald Trump,Donald Trump,42,Female,White,United States,United States,United States,English,No,Part-Time
691b7a02180d96d83ae73e81,English,Republican,"Yes, I would be comfortable to take part in such a study",Woman (including Trans Female/Trans Woman),White,High school diploma/A-levels,Less than $10000,Donald Trump,Donald Trump,57,Female,White,United States,United States,United States,English,No,Unemployed (and job seeking)
691b7a099cb738fba0b0e2a1,English,Republican,"Yes, I would be comfortable to take part in such a study",Woman (including Trans Female/Trans Woman),White,Technical/community college,$60000–$69999,Donald Trump,Donald Trump,35,Female,White,United States,United States,United States,English,No,Full-Time
691b7a118648ea7002ce0888,English,Republican,"Yes, I would be comfortable to take part in such a study",Man (including Trans Male/Trans Man),White,Undergraduate degree (BA/BSc/other),$100000–$149999,Donald Trump,Donald Trump,46,Male,White,United States,United States,United States,English,No,DATA_EXPIRED
691b7a14238334c5f624794c,English,Republican,"Yes, I would be comfortable to take part in such a study",Woman (including Trans Female/Trans Woman),White,Undergraduate degree (BA/BSc/other),$100000–$149999,Donald Trump,Donald Trump,24,Female,White,United States,United States,United States,English,DATA_EXPIRED,DATA_EXPIRED
691b7a1481014e713475309e,English,Republican,"Yes, I would be comfortable to take part in such a study",Man (including Trans Male/Trans Man),White,Technical/community college,$80000–$89999,Donald Trump,Donald Trump,54,Male,White,United States,United States,United States,English,No,Full-Time
691b7a17aa75b5851deb1322,English,Republican,"Yes, I would be comfortable to take part in such a study",Woman (including Trans Female/Trans Woman),White,High school diploma/A-levels,$16000–$19999,Donald Trump,Donald Trump,62,Female,White,United States,United States,United States,English,No,"Not in paid work (e.g. homemaker', 'retired or disabled)"
691b7a1b73d2da2716bb15ad,English,Republican,"Yes, I would be comfortable to take part in such a study",Man (including Trans Male/Trans Man),Black/African American,Technical/community college,$10000–$15999,Joe Biden,Donald Trump,41,Male,Black,United States,United States,United States,English,No,Full-Time
691b7a30e4abcbeb3cae0c9d,English,Republican,"Yes, I would be comfortable to take part in such a study",Man (including Trans Male/Trans Man),White,Undergraduate degree (BA/BSc/other),More than $150000,Joe Biden,Kamala Harris,33,Male,White,United States,United States,United States,English,No,Full-Time
691b7a334936f86ada2956bb,English,Republican,"Yes, I would be comfortable to take part in such a study",Woman (including Trans Female/Trans Woman),White,High school diploma/A-levels,$90000–$99999,Donald Trump,Donald Trump,37,Female,White,United States,United States,United States,English,No,Full-Time
691b7a3478ef3650317f33b2,English,Republican,"Yes, I would be comfortable to take part in such a study",Woman (including Trans Female/Trans Woman),White,Undergraduate degree (BA/BSc/other),$90000–$99999,Donald Trump,Donald Trump,46,Female,White,United States,United States,United States,English,No,Full-Time
691b7a489325795b271d069c,English,Republican,"Yes, I would be comfortable to take part in such a study",Man (including Trans Male/Trans Man),White,High school diploma/A-levels,$70000–$79999,Donald Trump,Donald Trump,37,Male,White,United States,United States,United States,English,No,Full-Time
691b7a4c9ae370fd289f7c3f,English,Republican,"Yes, I would be comfortable to take part in such a study",Man (including Trans Male/Trans Man),White,Technical/community college,$40000–$49999,Donald Trump,Donald Trump,51,Male,White,United States,United States,United States,English,No,Full-Time
691b7a4edf4f27e3143efa3e,English,Republican,"Yes, I would be comfortable to take part in such a study",Man (including Trans Male/Trans Man),Latino/Hispanic,High school diploma/A-levels,$50000–$59999,I did not vote,Donald Trump,48,Male,Other,United States,United States,United States,English,No,Full-Time
691b7a57f15c67a26b88496f,English,Republican,"Yes, I would be comfortable to take part in such a study",Man (including Trans Male/Trans Man),White,Undergraduate degree (BA/BSc/other),$30000–$39999,Donald Trump,Donald Trump,43,Male,White,United States,United States,United States,English,No,Full-Time
691b7a637ffc42a5dbc345df,English,Republican,"Yes, I would be comfortable to take part in such a study",Man (including Trans Male/Trans Man),White,Doctorate degree (PhD/other),More than $150000,Donald Trump,Donald Trump,58,Male,White,United States,United States,United States,English,No,Full-Time
691b7a67f0bd6d076ebf57c4,English,Republican,"Yes, I would be comfortable to take part in such a study",Man (including Trans Male/Trans Man),White,Undergraduate degree (BA/BSc/other),Less than $10000,Donald Trump,Donald Trump,26,Male,White,United States,United States,United States,English,No,Full-Time
691b7a69e0d08f9dd446f1cd,English,Republican,"Yes, I would be comfortable to take part in such a study",Woman (including Trans Female/Trans Woman),White,High school diploma/A-levels,More than $150000,Donald Trump,Donald Trump,47,Female,White,Germany,United States,United States,English,No,Part-Time
691b7a6d0dc01fdc549c6528,"English, Cantonese",Republican,"Yes, I would be comfortable to take part in such a study",Man (including Trans Male/Trans Man),East Asian,Graduate degree (MA/MSc/MPhil/other),$100000–$149999,Donald Trump,Donald Trump,33,Male,Asian,United States,United States,United States,English,DATA_EXPIRED,DATA_EXPIRED
691b7a6e27ecf6fe8e0ebf29,English,Republican,"Yes, I would be comfortable to take part in such a study",Man (including Trans Male/Trans Man),Mixed,Undergraduate degree (BA/BSc/other),Less than $10000,Donald Trump,Donald Trump,25,Male,Mixed,United States,United States,United States,English,Yes,Unemployed (and job seeking)
691b7a6ff0bd6d076ebf57c7,English,Republican,"Yes, I would be comfortable to take part in such a study",Woman (including Trans Female/Trans Woman),White,High school diploma/A-levels,$30000–$39999,Donald Trump,Donald Trump,73,Female,White,United States,United States,United States,English,No,"Not in paid work (e.g. homemaker', 'retired or disabled)"
691b7a74df6d18742e817a01,English,Republican,"Yes, I would be comfortable to take part in such a study",Man (including Trans Male/Trans Man),White,Doctorate degree (PhD/other),$100000–$149999,Donald Trump,Donald Trump,47,Male,White,United States,United States,United States,English,DATA_EXPIRED,DATA_EXPIRED
691b7a798f09fd3f557be5be,"English, French",Republican,"Yes, I would be comfortable to take part in such a study",Woman (including Trans Female/Trans Woman),Caribbean,Graduate degree (MA/MSc/MPhil/other),More than $150000,Joe Biden,Donald Trump,37,Female,Black,United States,United States,United States,English,No,Full-Time
691b7a7b32c6e7150f26a7c7,English,Republican,"Yes, I would be comfortable to take part in such a study",Woman (including Trans Female/Trans Woman),White,Technical/community college,$80000–$89999,Donald Trump,Donald Trump,61,Female,White,United States,United States,United States,English,No,Part-Time
691b7a7f4660df676c99035e,"English, Spanish",Republican,"Yes, I would be comfortable to take part in such a study",Man (including Trans Male/Trans Man),White,Undergraduate degree (BA/BSc/other),$100000–$149999,Donald Trump,Donald Trump,34,Male,White,United States,United States,United States,English,No,Full-Time
691b7a863fbe9734b3d09709,English,Republican,"Yes, I would be comfortable to take part in such a study",Woman (including Trans Female/Trans Woman),White,Undergraduate degree (BA/BSc/other),$40000–$49999,Joe Biden,Kamala Harris,47,Female,White,United States,United States,United States,English,No,Full-Time
691b7a8eaff303c8f38c3c85,English,Republican,"Yes, I would be comfortable to take part in such a study",Woman (including Trans Female/Trans Woman),White,High school diploma/A-levels,$80000–$89999,Donald Trump,Donald Trump,45,Female,White,United States,United States,United States,English,No,Full-Time
691b7a8ed7fe9dae8ceeeff6,English,Republican,"Yes, I would be comfortable to take part in such a study",Man (including Trans Male/Trans Man),White,Graduate degree (MA/MSc/MPhil/other),$50000–$59999,Joe Biden,Donald Trump,63,Male,White,United States,United States,United States,English,DATA_EXPIRED,Other
691b7a92d913a0bcbccfef64,English,Republican,"Yes, I would be comfortable to take part in such a study",Man (including Trans Male/Trans Man),White,Undergraduate degree (BA/BSc/other),$80000–$89999,Donald Trump,Donald Trump,47,Male,White,United States,United States,United States,English,No,Full-Time
691b7a963fbe9734b3d0970c,English,Republican,"Yes, I would be comfortable to take part in such a study",Woman (including Trans Female/Trans Woman),White,Technical/community college,$40000–$49999,Donald Trump,Donald Trump,70,Female,White,United States,United States,United States,English,No,"Not in paid work (e.g. homemaker', 'retired or disabled)"
691b7a9bda5a8c3afa3eec7a,English,Republican,"Yes, I would be comfortable to take part in such a study",Non-binary (would like to give more detail),White Sephardic Jew,Technical/community college,$50000–$59999,Donald Trump,Donald Trump,61,Female,Mixed,United States,United States,United States,English,Yes,Full-Time
691b7ab54b4b3caa13522e82,"English, Spanish",Republican,"Yes, I would be comfortable to take part in such a study",Woman (including Trans Female/Trans Woman),White,High school diploma/A-levels,$50000–$59999,Donald Trump,Donald Trump,65,Female,White,United States,United States,United States,English,No,Full-Time
691b7ae439abad1223e451c5,English,Republican,"Yes, I would be comfortable to take part in such a study",Man (including Trans Male/Trans Man),Other (please feel free to let us know your ethnicity via email),Graduate degree (MA/MSc/MPhil/other),Less than $10000,Donald Trump,Donald Trump,46,Male,Other,United States,United States,United States,English,No,Full-Time
691b7ae953d2e6ff2cfecf7d,English,Republican,"Yes, I would be comfortable to take part in such a study",Woman (including Trans Female/Trans Woman),White,High school diploma/A-levels,$60000–$69999,Donald Trump,Donald Trump,50,Female,White,United States,United States,United States,English,No,"Not in paid work (e.g. homemaker', 'retired or disabled)"
691b7aebd447241ab26a18ab,English,Republican,"Yes, I would be comfortable to take part in such a study",Man (including Trans Male/Trans Man),White,Undergraduate degree (BA/BSc/other),Less than $10000,Other candidate,I did not vote,44,Male,White,Germany,United States,United States,English,No,DATA_EXPIRED
691b7af42939550fe9defbaf,English,Republican,"Yes, I would be comfortable to take part in such a study",Man (including Trans Male/Trans Man),White,Undergraduate degree (BA/BSc/other),$100000–$149999,Donald Trump,Donald Trump,48,Male,White,United States,United States,United States,English,No,Full-Time
691b7af7093dbc773b6726b3,English,Republican,"Yes, I would be comfortable to take part in such a study",Man (including Trans Male/Trans Man),White,High school diploma/A-levels,$40000–$49999,I did not vote,I did not vote,35,Male,White,United States,United States,United States,English,No,Full-Time
691b7afbec460aeb93ca1457,English,Republican,"Yes, I would be comfortable to take part in such a study",Man (including Trans Male/Trans Man),Black/African American,Graduate degree (MA/MSc/MPhil/other),$90000–$99999,Donald Trump,Donald Trump,52,Male,Black,United States,United States,United States,English,DATA_EXPIRED,Full-Time
691b7afe491087c7a58a0ddd,English,Republican,"Yes, I would be comfortable to take part in such a study",Man (including Trans Male/Trans Man),White,Undergraduate degree (BA/BSc/other),$100000–$149999,Donald Trump,Donald Trump,35,Male,White,United States,United States,United States,English,No,Full-Time
691b7b0178ef3650317f33d5,English,Republican,"Yes, I would be comfortable to take part in such a study",Woman (including Trans Female/Trans Woman),White,Technical/community college,$20000–$29999,Donald Trump,Donald Trump,46,Female,White,United States,United States,United States,English,No,"Not in paid work (e.g. homemaker', 'retired or disabled)"
691b7b13bf46cfa50c618839,English,Republican,"Yes, I would be comfortable to take part in such a study",Man (including Trans Male/Trans Man),East Asian,Doctorate degree (PhD/other),$100000–$149999,I did not vote,Donald Trump,49,Male,Asian,China,United States,United States,Chinese,No,Full-Time
691b7b16e81adb53b2bedcc4,English,Republican,"Yes, I would be comfortable to take part in such a study",Woman (including Trans Female/Trans Woman),White,Technical/community college,$70000–$79999,Donald Trump,Donald Trump,69,Female,DATA_EXPIRED,United States,United States,United States,English,No,Part-Time
691b7b1a4a3a5cd32bae6c04,English,Republican,"Yes, I would be comfortable to take part in such a study",Man (including Trans Male/Trans Man),White,Graduate degree (MA/MSc/MPhil/other),More than $150000,Donald Trump,Donald Trump,50,Male,White,United States,United States,United States,English,DATA_EXPIRED,Full-Time
691b7b24e828fec24cbb1ac3,"English, Spanish",Republican,"Yes, I would be comfortable to take part in such a study",Man (including Trans Male/Trans Man),Latino/Hispanic,Graduate degree (MA/MSc/MPhil/other),More than $150000,Donald Trump,Donald Trump,31,Male,Mixed,United States,United States,United States,English,Yes,Full-Time
691b7b2547646ef629e87857,"English, French, German",Republican,"Yes, I would be comfortable to take part in such a study",Man (including Trans Male/Trans Man),White,Undergraduate degree (BA/BSc/other),$90000–$99999,Donald Trump,Donald Trump,37,Male,White,United States,United States,United States,English,No,Full-Time
691b7b28d1640168f8abd95a,English,Republican,"Yes, I would be comfortable to take part in such a study",Woman (including Trans Female/Trans Woman),White,Secondary education (e.g. GED/GCSE),$40000–$49999,Donald Trump,Donald Trump,46,Female,White,United States,United States,United States,English,Yes,Full-Time
691b7b2b75991c6ee3f7195b,English,Republican,"Yes, I would be comfortable to take part in such a study",Man (including Trans Male/Trans Man),White,Technical/community college,$90000–$99999,Donald Trump,Donald Trump,42,Male,White,United States,United States,United States,English,No,Full-Time
691b7b3253f666e3ad6e662b,English,Republican,"Yes, I would be comfortable to take part in such a study",Woman (including Trans Female/Trans Woman),Native American or Alaskan Native,Undergraduate degree (BA/BSc/other),$100000–$149999,Donald Trump,Donald Trump,53,Female,White,United States,United States,United States,English,Yes,Full-Time
691b7b3d13429665393b2bb6,"English, Spanish",Republican,"Yes, I would be comfortable to take part in such a study",Woman (including Trans Female/Trans Woman),Latino/Hispanic,Graduate degree (MA/MSc/MPhil/other),$16000–$19999,Rather not say or N/A,Rather not say or N/A,43,Female,Other,United States,United States,United States,English,DATA_EXPIRED,Full-Time
691b7b425fb64f14d1756bf4,English,Republican,"Yes, I would be comfortable to take part in such a study",Man (including Trans Male/Trans Man),Latino/Hispanic,Undergraduate degree (BA/BSc/other),More than $150000,Donald Trump,Donald Trump,41,Male,Mixed,United States,United States,United States,English,Yes,Full-Time
691b7b44813206698ff718c4,English,Republican,"Yes, I would be comfortable to take part in such a study",Man (including Trans Male/Trans Man),Latino/Hispanic,Graduate degree (MA/MSc/MPhil/other),$100000–$149999,Donald Trump,Donald Trump,60,Male,White,United States,United States,United States,English,DATA_EXPIRED,DATA_EXPIRED
691b7b4fd4f7924041fed0db,English,Republican,"Yes, I would be comfortable to take part in such a study",Man (including Trans Male/Trans Man),White,Undergraduate degree (BA/BSc/other),$70000–$79999,Other candidate,Donald Trump,35,Male,White,United States,United States,United States,English,No,Full-Time
691b7b50807e33b476a650e2,"English, Bengali, German",Republican,"Yes, I would be comfortable to take part in such a study",Man (including Trans Male/Trans Man),South Asian,Undergraduate degree (BA/BSc/other),More than $150000,I did not vote,Donald Trump,27,Male,Asian,United States,United States,United States,English,No,Full-Time
691b7b56b3133556b7882593,English,Republican,"Yes, I would be comfortable to take part in such a study",Man (including Trans Male/Trans Man),White,High school diploma/A-levels,$10000–$15999,I did not vote,Rather not say or N/A,58,Male,White,United States,United States,United States,English,No,Full-Time
691b7b57307f915a64e38c0e,English,Republican,"Yes, I would be comfortable to take part in such a study",Woman (including Trans Female/Trans Woman),White,Technical/community college,$70000–$79999,Donald Trump,Donald Trump,38,Female,White,United States,United States,United States,English,No,Full-Time
691b7b5ce67b9f8b494351c1,"English, Spanish",Republican,"Yes, I would be comfortable to take part in such a study",Man (including Trans Male/Trans Man),White,Undergraduate degree (BA/BSc/other),$80000–$89999,Donald Trump,Donald Trump,30,Male,White,United States,United States,United States,English,Yes,Full-Time
691b7b61471f564719603ccb,English,Republican,"Yes, I would be comfortable to take part in such a study",Man (including Trans Male/Trans Man),White,High school diploma/A-levels,$10000–$15999,Donald Trump,Donald Trump,57,Male,White,United States,United States,United States,English,No,Other
691b7b62d097b447f5a68a26,"English, Spanish, French",Republican,"Yes, I would be comfortable to take part in such a study",Woman (including Trans Female/Trans Woman),Black/African American,Graduate degree (MA/MSc/MPhil/other),More than $150000,Donald Trump,Donald Trump,46,Female,Black,United States,United States,United States,English,No,Full-Time
691b7b71786648fadf6f299c,English,Republican,"Yes, I would be comfortable to take part in such a study",Man (including Trans Male/Trans Man),White,Doctorate degree (PhD/other),$90000–$99999,Donald Trump,Donald Trump,42,Male,White,United States,United States,United States,English,DATA_EXPIRED,DATA_EXPIRED
691b7b77e651019f70ea9cd1,English,Republican,"Yes, I would be comfortable to take part in such a study",Woman (including Trans Female/Trans Woman),White,High school diploma/A-levels,$60000–$69999,Donald Trump,Donald Trump,58,Female,White,United States,United States,United States,English,No,Full-Time
691b7b7913429665393b2bbe,English,Republican,"Yes, I would be comfortable to take part in such a study",Woman (including Trans Female/Trans Woman),White,Undergraduate degree (BA/BSc/other),$100000–$149999,Donald Trump,Donald Trump,34,Female,White,United States,United States,United States,English,No,Part-Time
691b7b7c17be02e6a902bb49,English,Republican,"Yes, I would be comfortable to take part in such a study",Woman (including Trans Female/Trans Woman),White,High school diploma/A-levels,More than $150000,Donald Trump,Donald Trump,59,Female,White,United States,United States,United States,English,No,Full-Time
691b7b7c67d1874326022708,English,Republican,"Yes, I would be comfortable to take part in such a study",Man (including Trans Male/Trans Man),White,Graduate degree (MA/MSc/MPhil/other),More than $150000,Donald Trump,Donald Trump,52,Male,White,United States,United States,United States,English,No,Full-Time
691b7b80303872e5714352f5,English,Republican,"Yes, I would be comfortable to take part in such a study",Man (including Trans Male/Trans Man),White,High school diploma/A-levels,$40000–$49999,Donald Trump,Donald Trump,41,Male,White,United States,United States,United States,English,Yes,Full-Time
691b7b881d3639c4e561b92b,English,Republican,"Yes, I would be comfortable to take part in such a study",Woman (including Trans Female/Trans Woman),White,Graduate degree (MA/MSc/MPhil/other),$100000–$149999,Donald Trump,Donald Trump,43,Female,White,United States,United States,United States,English,Yes,Full-Time
691b7b8b8d3134087ecaead1,English,Republican,"Yes, I would be comfortable to take part in such a study",Woman (including Trans Female/Trans Woman),White,Undergraduate degree (BA/BSc/other),$30000–$39999,Donald Trump,Donald Trump,81,Female,White,United States,United States,United States,English,No,"Not in paid work (e.g. homemaker', 'retired or disabled)"
691b7b93b3983e931dcaff8d,English,Republican,"Yes, I would be comfortable to take part in such a study",Man (including Trans Male/Trans Man),Mixed,Technical/community college,$100000–$149999,Donald Trump,Donald Trump,36,Male,Mixed,United States,United States,United States,English,No,Full-Time
691b7ba8d9c3f8a311cae81c,English,Republican,"Yes, I would be comfortable to take part in such a study",Woman (including Trans Female/Trans Woman),White,Technical/community college,$60000–$69999,Donald Trump,Donald Trump,63,Female,White,United States,United States,United States,English,No,Full-Time
691b7bb0fea62e08c3cc3193,English,Republican,"Yes, I would be comfortable to take part in such a study",Man (including Trans Male/Trans Man),White,High school diploma/A-levels,$80000–$89999,Donald Trump,Donald Trump,35,Male,White,United States,United States,United States,English,No,Full-Time
691b7bb4b3e3bfdb2ba72d01,English,Republican,"Yes, I would be comfortable to take part in such a study",Man (including Trans Male/Trans Man),Mixed,Technical/community college,Less than $10000,Donald Trump,I did not vote,36,Male,Mixed,United States,United States,United States,English,No,Full-Time
691b7bb8dfbc0271a4882633,"English, French",Republican,"Yes, I would be comfortable to take part in such a study",Man (including Trans Male/Trans Man),Black/African American,Undergraduate degree (BA/BSc/other),$90000–$99999,Donald Trump,Kamala Harris,26,Male,Mixed,Madagascar,United States,United States,English,No,Full-Time
691b7bc4afb474b517ca08d1,"English, Gaelic",Republican,"Yes, I would be comfortable to take part in such a study",Man (including Trans Male/Trans Man),White,Undergraduate degree (BA/BSc/other),$20000–$29999,I did not vote,I did not vote,49,Male,White,United States,United States,United States,English,No,Full-Time
691b7bdb32c6e7150f26a7ea,English,Republican,"Yes, I would be comfortable to take part in such a study",Woman (including Trans Female/Trans Woman),White,High school diploma/A-levels,$80000–$89999,Donald Trump,Donald Trump,57,Female,White,United States,United States,United States,English,No,"Not in paid work (e.g. homemaker', 'retired or disabled)"
691b7bdc4b4b3caa13522ea5,English,Republican,"Yes, I would be comfortable to take part in such a study",Man (including Trans Male/Trans Man),White,Undergraduate degree (BA/BSc/other),$80000–$89999,Donald Trump,Donald Trump,56,Male,White,United Kingdom,United States,United States,English,No,Full-Time
691b7bdf807e33b476a650f7,English,Republican,"Yes, I would be comfortable to take part in such a study",Man (including Trans Male/Trans Man),East Asian,Undergraduate degree (BA/BSc/other),$30000–$39999,Donald Trump,Donald Trump,46,Male,Asian,United States,United States,United States,Chinese,No,Part-Time
691b7be04fba1fbf29924bd9,English,Republican,"Yes, I would be comfortable to take part in such a study",Woman (including Trans Female/Trans Woman),White,Graduate degree (MA/MSc/MPhil/other),$50000–$59999,Donald Trump,Donald Trump,26,Female,White,United States,United States,United States,English,No,Part-Time
691b7be6d2175f56ffd06e00,English,Republican,"Yes, I would be comfortable to take part in such a study",Woman (including Trans Female/Trans Woman),White,Undergraduate degree (BA/BSc/other),$50000–$59999,Donald Trump,Donald Trump,33,Female,White,United States,United States,United States,English,No,Full-Time
691b7bfc84084fbaf0a35b46,English,Republican,"Yes, I would be comfortable to take part in such a study",Man (including Trans Male/Trans Man),White,Undergraduate degree (BA/BSc/other),$10000–$15999,I did not vote,Donald Trump,27,Male,White,United States,United States,United States,English,Yes,Full-Time
691b7c004ed5178bd96af766,English,Republican,"Yes, I would be comfortable to take part in such a study",Man (including Trans Male/Trans Man),White,Undergraduate degree (BA/BSc/other),$80000–$89999,Donald Trump,Donald Trump,25,Male,White,United States,United States,United States,English,Yes,Full-Time
691b7c019ce80063031ba5db,English,Republican,"Yes, I would be comfortable to take part in such a study",Man (including Trans Male/Trans Man),White,High school diploma/A-levels,$40000–$49999,I did not vote,Donald Trump,22,Male,White,United States,United States,United States,English,No,Unemployed (and job seeking)
691b7c01ede9ca1624f1db72,English,Republican,"Yes, I would be comfortable to take part in such a study",Man (including Trans Male/Trans Man),White,Undergraduate degree (BA/BSc/other),More than $150000,Donald Trump,Donald Trump,55,Male,White,United States,United States,United States,English,No,Full-Time
691b7c08f7e3c33114628db5,English,Republican,"Yes, I would be comfortable to take part in such a study",Man (including Trans Male/Trans Man),Black/African American,Graduate degree (MA/MSc/MPhil/other),$100000–$149999,Donald Trump,Donald Trump,38,Male,White,United States,United States,United States,English,No,Full-Time
691b7c0b7d2e9bf482b32afe,English,Republican,"Yes, I would be comfortable to take part in such a study",Man (including Trans Male/Trans Man),White,Graduate degree (MA/MSc/MPhil/other),More than $150000,Joe Biden,Kamala Harris,42,Male,White,United States,United States,United States,English,No,Full-Time
691b7c2163294f1b9da244dc,English,Republican,"Yes, I would be comfortable to take part in such a study",Woman (including Trans Female/Trans Woman),White,High school diploma/A-levels,More than $150000,Donald Trump,Donald Trump,58,Female,White,United States,United States,United States,English,No,"Not in paid work (e.g. homemaker', 'retired or disabled)"
691b7c2c44af82da31516295,English,Republican,"Yes, I would be comfortable to take part in such a study",Man (including Trans Male/Trans Man),White,Technical/community college,$80000–$89999,I did not vote,Donald Trump,48,Male,White,United States,United States,United States,English,DATA_EXPIRED,DATA_EXPIRED
691b7c30ccef6a324b05a928,English,Republican,"Yes, I would be comfortable to take part in such a study",Man (including Trans Male/Trans Man),White,High school diploma/A-levels,$50000–$59999,Donald Trump,Donald Trump,51,Male,White,United States,United States,United States,English,No,Full-Time
691b7c3453d2e6ff2cfecfa0,English,Republican,"Yes, I would be comfortable to take part in such a study",Man (including Trans Male/Trans Man),Latino/Hispanic,High school diploma/A-levels,$60000–$69999,I did not vote,Rather not say or N/A,46,Male,White,United States,United States,United States,English,No,Unemployed (and job seeking)
691b7c3a4936f86ada2956f7,English,Republican,"Yes, I would be comfortable to take part in such a study",Woman (including Trans Female/Trans Woman),White,Graduate degree (MA/MSc/MPhil/other),$50000–$59999,Donald Trump,Donald Trump,26,Female,White,United States,United States,United States,English,Yes,Part-Time
691b7c3e500c23ffd2cff42d,English,Republican,"Yes, I would be comfortable to take part in such a study",Woman (including Trans Female/Trans Woman),White,High school diploma/A-levels,$60000–$69999,Donald Trump,Donald Trump,36,Female,White,United States,United States,United States,English,No,"Not in paid work (e.g. homemaker', 'retired or disabled)"
691b7c51288fd6bed229ed39,"English, Spanish",Republican,"Yes, I would be comfortable to take part in such a study",Man (including Trans Male/Trans Man),Latino/Hispanic,Undergraduate degree (BA/BSc/other),$80000–$89999,Donald Trump,Donald Trump,20,Male,Mixed,United States,United States,United States,English,DATA_EXPIRED,DATA_EXPIRED
691b7c53009da42154672681,English,Republican,"Yes, I would be comfortable to take part in such a study",Man (including Trans Male/Trans Man),Black/African American,Graduate degree (MA/MSc/MPhil/other),$60000–$69999,Donald Trump,Donald Trump,30,Male,Black,United States,United States,United States,English,No,Full-Time
691b7c6313429665393b2bd6,English,Republican,"Yes, I would be comfortable to take part in such a study",Man (including Trans Male/Trans Man),White,Technical/community college,$100000–$149999,Donald Trump,Donald Trump,39,Male,White,United States,United States,United States,English,No,Full-Time
691b7c68ffa2b88b8df0ee07,English,Republican,"Yes, I would be comfortable to take part in such a study",Man (including Trans Male/Trans Man),White,High school diploma/A-levels,$30000–$39999,I did not vote,I did not vote,28,Male,White,United States,United States,United States,English,No,Full-Time
691b7c6a11e7bc37c9d6255d,English,Republican,"Yes, I would be comfortable to take part in such a study",Woman (including Trans Female/Trans Woman),White,Undergraduate degree (BA/BSc/other),$50000–$59999,Donald Trump,Donald Trump,72,Female,White,United States,United States,United States,English,No,Part-Time
691b7c6df5210dd92fbe7595,English,Republican,"Yes, I would be comfortable to take part in such a study",Woman (including Trans Female/Trans Woman),White,High school diploma/A-levels,$70000–$79999,Joe Biden,I did not vote,45,Female,Mixed,United States,United States,United States,English,No,"Not in paid work (e.g. homemaker', 'retired or disabled)"
691b7cc329d390b6df5dde40,English,Republican,"Yes, I would be comfortable to take part in such a study",Woman (including Trans Female/Trans Woman),White,Graduate degree (MA/MSc/MPhil/other),Less than $10000,Donald Trump,Kamala Harris,54,Female,White,United States,United States,United States,English,DATA_EXPIRED,Full-Time
691b7ce36f8834b32713f532,English,Republican,"Yes, I would be comfortable to take part in such a study",Woman (including Trans Female/Trans Woman),Black/African American,High school diploma/A-levels,$20000–$29999,I did not vote,I did not vote,41,Female,Black,United States,United States,United States,English,DATA_EXPIRED,Full-Time
691b7ce463aaaf9fe0a808a4,English,Republican,"Yes, I would be comfortable to take part in such a study",Woman (including Trans Female/Trans Woman),White,Technical/community college,$50000–$59999,I did not vote,I did not vote,24,Female,White,United States,United States,United States,English,No,Full-Time
691b7ce79a5f880232bce776,English,Republican,"Yes, I would be comfortable to take part in such a study",Woman (including Trans Female/Trans Woman),White,High school diploma/A-levels,$70000–$79999,Donald Trump,Donald Trump,40,Female,White,United States,United States,United States,English,No,"Not in paid work (e.g. homemaker', 'retired or disabled)"
691b7d029c59b057f3316728,English,Republican,"Yes, I would be comfortable to take part in such a study",Man (including Trans Male/Trans Man),Black/African American,Technical/community college,$100000–$149999,Donald Trump,Donald Trump,41,Male,Black,United States,United States,United States,English,No,Unemployed (and job seeking)
691b7d07b3983e931dcaffc9,English,Republican,"Yes, I would be comfortable to take part in such a study",Woman (including Trans Female/Trans Woman),Black/African American,Graduate degree (MA/MSc/MPhil/other),$80000–$89999,Joe Biden,Donald Trump,52,Female,Black,United States,United States,United States,English,Yes,Full-Time
691b7d087ce91a5f2fff3f53,"English, Spanish",Republican,"Yes, I would be comfortable to take part in such a study",Woman (including Trans Female/Trans Woman),Latino/Hispanic,Undergraduate degree (BA/BSc/other),Less than $10000,I did not vote,Donald Trump,48,Female,White,United States,United States,United States,English,No,Unemployed (and job seeking)
691b7d15bf4b1cc270a37956,"English, Other",Republican,"Yes, I would be comfortable to take part in such a study",Woman (including Trans Female/Trans Woman),Mixed,Undergraduate degree (BA/BSc/other),More than $150000,Donald Trump,Donald Trump,57,Female,Mixed,United States,United States,United States,English,No,Full-Time
691b7d3d18bcd10737da10a6,English,Republican,"Yes, I would be comfortable to take part in such a study",Man (including Trans Male/Trans Man),Latino/Hispanic,High school diploma/A-levels,$90000–$99999,I did not vote,Donald Trump,31,Male,White,United States,United States,United States,English,No,Full-Time
691b7d4a957bdde80ebdb82c,English,Republican,"Yes, I would be comfortable to take part in such a study",Man (including Trans Male/Trans Man),Black/African American,Graduate degree (MA/MSc/MPhil/other),$70000–$79999,Rather not say or N/A,I did not vote,25,Male,Black,United States,United States,United States,English,No,Part-Time
691b7d4fbb207d9ef71b6b0b,English,Republican,"Yes, I would be comfortable to take part in such a study",Man (including Trans Male/Trans Man),Middle Eastern,Undergraduate degree (BA/BSc/other),$60000–$69999,Rather not say or N/A,Donald Trump,27,Male,White,United States,United States,United States,English,No,Part-Time
691b7d628f4951277d12640d,English,Republican,"Yes, I would be comfortable to take part in such a study",Man (including Trans Male/Trans Man),White,Undergraduate degree (BA/BSc/other),$40000–$49999,Donald Trump,Donald Trump,68,Male,White,United States,United States,United States,English,No,Full-Time
691b7d64b3c03e14f45963c4,English,Republican,"Yes, I would be comfortable to take part in such a study",Woman (including Trans Female/Trans Woman),White,Undergraduate degree (BA/BSc/other),More than $150000,Joe Biden,Kamala Harris,34,Female,White,United States,United States,United States,English,DATA_EXPIRED,DATA_EXPIRED
691b7d6939abad1223e4520d,English,Republican,"Yes, I would be comfortable to take part in such a study",Man (including Trans Male/Trans Man),White,Secondary education (e.g. GED/GCSE),$80000–$89999,Donald Trump,Donald Trump,43,Male,White,United States,United States,United States,English,No,Other
691b7d8a48f95077e9a31eb1,English,Republican,"Yes, I would be comfortable to take part in such a study",Woman (including Trans Female/Trans Woman),White,Doctorate degree (PhD/other),More than $150000,Donald Trump,Donald Trump,51,Female,White,United States,United States,United States,English,DATA_EXPIRED,DATA_EXPIRED
691b7d8cf99b24e9d65a845a,English,Republican,"Yes, I would be comfortable to take part in such a study",Woman (including Trans Female/Trans Woman),White,Graduate degree (MA/MSc/MPhil/other),$100000–$149999,Donald Trump,Donald Trump,32,Female,White,United States,United States,United States,English,No,Full-Time
691b7d8f4a3a5cd32bae6c61,English,Republican,"Yes, I would be comfortable to take part in such a study",Woman (including Trans Female/Trans Woman),White,Technical/community college,$50000–$59999,Donald Trump,Donald Trump,60,Female,White,United States,United States,United States,English,No,"Not in paid work (e.g. homemaker', 'retired or disabled)"
691b7da03a4ec7cc7a98e6fc,English,Republican,"Yes, I would be comfortable to take part in such a study",Man (including Trans Male/Trans Man),White,Graduate degree (MA/MSc/MPhil/other),$90000–$99999,Donald Trump,Donald Trump,31,Male,White,United States,United States,United States,English,DATA_EXPIRED,DATA_EXPIRED
691b7dc16b0702bccda55200,English,Republican,"Yes, I would be comfortable to take part in such a study",Man (including Trans Male/Trans Man),White,Undergraduate degree (BA/BSc/other),$100000–$149999,I did not vote,Donald Trump,59,Male,White,United States,United States,United States,English,No,Full-Time
691b7dc473d2da2716bb1a17,English,Republican,"Yes, I would be comfortable to take part in such a study",Man (including Trans Male/Trans Man),White,High school diploma/A-levels,Less than $10000,Donald Trump,Donald Trump,55,Male,White,United States,United States,United States,English,DATA_EXPIRED,Full-Time
691b7dcb16759375dd9eca6f,English,Republican,"Yes, I would be comfortable to take part in such a study",Man (including Trans Male/Trans Man),White,Graduate degree (MA/MSc/MPhil/other),$60000–$69999,Donald Trump,Donald Trump,27,Male,White,United States,United States,United States,English,No,Full-Time
691b7de64244df777525aec7,"English, Japanese, Spanish",Republican,"Yes, I would be comfortable to take part in such a study",Man (including Trans Male/Trans Man),White,Doctorate degree (PhD/other),$100000–$149999,Donald Trump,Donald Trump,55,Male,White,United States,United States,United States,English,DATA_EXPIRED,DATA_EXPIRED
691b7de75d649c787f91aa5f,English,Republican,"Yes, I would be comfortable to take part in such a study",Man (including Trans Male/Trans Man),White,Undergraduate degree (BA/BSc/other),$70000–$79999,Donald Trump,Donald Trump,37,Male,White,United States,United States,United States,English,No,Full-Time
691b7df10414f4ba43fb960f,English,Republican,"Yes, I would be comfortable to take part in such a study",Woman (including Trans Female/Trans Woman),White,Undergraduate degree (BA/BSc/other),$100000–$149999,Donald Trump,Donald Trump,30,Female,White,United States,United States,United States,English,No,Full-Time
691b7e018d68f014ccb52e79,English,Republican,"Yes, I would be comfortable to take part in such a study",Man (including Trans Male/Trans Man),White,Undergraduate degree (BA/BSc/other),$20000–$29999,Donald Trump,Donald Trump,50,Male,White,United States,United States,United States,English,No,Full-Time
691b7e06249cb6befcb32a43,English,Republican,"Yes, I would be comfortable to take part in such a study",Woman (including Trans Female/Trans Woman),White,Graduate degree (MA/MSc/MPhil/other),More than $150000,Donald Trump,Donald Trump,55,Female,White,United States,United States,United States,English,DATA_EXPIRED,DATA_EXPIRED
691b7e4bba60aed3bbbedcb2,"English, Swahili",Republican,"Yes, I would be comfortable to take part in such a study",Man (including Trans Male/Trans Man),White,Graduate degree (MA/MSc/MPhil/other),More than $150000,Joe Biden,Donald Trump,71,Male,White,United States,United States,United States,English,No,Full-Time
691b7e5c6f07aef93e727913,English,Republican,"Yes, I would be comfortable to take part in such a study",Man (including Trans Male/Trans Man),Black/African American,Graduate degree (MA/MSc/MPhil/other),$50000–$59999,Donald Trump,Donald Trump,28,Male,Black,United States,United States,United States,English,No,Part-Time
691b7e7499ffeb01e2ff36e3,English,Republican,"Yes, I would be comfortable to take part in such a study",Woman (including Trans Female/Trans Woman),White,Undergraduate degree (BA/BSc/other),$100000–$149999,I did not vote,I did not vote,22,Female,White,United States,United States,United States,English,No,Part-Time
691b7e86ec5b7471762478c5,English,Republican,"Yes, I would be comfortable to take part in such a study",Woman (including Trans Female/Trans Woman),White,Undergraduate degree (BA/BSc/other),$100000–$149999,Donald Trump,Donald Trump,62,Female,White,United States,United States,United States,English,No,"Not in paid work (e.g. homemaker', 'retired or disabled)"
691b7e8afaf32456f6aa6ced,English,Republican,"Yes, I would be comfortable to take part in such a study",Woman (including Trans Female/Trans Woman),White,Undergraduate degree (BA/BSc/other),$50000–$59999,Donald Trump,Donald Trump,47,Female,White,United States,United States,United States,English,No,Full-Time
691b7e96ce84374f2ff971cc,English,Republican,"Yes, I would be comfortable to take part in such a study",Woman (including Trans Female/Trans Woman),White,Graduate degree (MA/MSc/MPhil/other),$50000–$59999,Donald Trump,Donald Trump,43,Female,White,United States,United States,United States,English,No,Full-Time
691b7e9b32c6e7150f26a84d,English,Republican,"Yes, I would be comfortable to take part in such a study",Man (including Trans Male/Trans Man),White,High school diploma/A-levels,Less than $10000,I did not vote,I did not vote,27,Male,White,United States,United States,United States,English,No,Unemployed (and job seeking)
691b7e9d36941339d6579f19,English,Republican,"Yes, I would be comfortable to take part in such a study",Woman (including Trans Female/Trans Woman),White,High school diploma/A-levels,$70000–$79999,Donald Trump,Donald Trump,33,Female,White,United States,United States,United States,English,No,Part-Time
691b7ea42b4e39f3af83a73d,English,Republican,"Yes, I would be comfortable to take part in such a study",Man (including Trans Male/Trans Man),White,Undergraduate degree (BA/BSc/other),More than $150000,Donald Trump,Donald Trump,55,Male,White,United States,United States,United States,English,Yes,Full-Time
691b7ea4d88fe4430a62a23a,English,Republican,"Yes, I would be comfortable to take part in such a study",Man (including Trans Male/Trans Man),Black/African American,Graduate degree (MA/MSc/MPhil/other),$90000–$99999,I did not vote,Donald Trump,24,Male,Black,United States,United States,United States,English,DATA_EXPIRED,Full-Time
691b7eb2586cf3776bd13ec6,English,Republican,"Yes, I would be comfortable to take part in such a study",Woman (including Trans Female/Trans Woman),Mixed,Technical/community college,$90000–$99999,Donald Trump,Donald Trump,37,Female,Mixed,United States,United States,United States,English,Yes,Full-Time
691b7eb63afa4daefcb36ee8,"English, French, Farsi, German",Republican,"Yes, I would be comfortable to take part in such a study",Rather not say,White,Graduate degree (MA/MSc/MPhil/other),$60000–$69999,Donald Trump,Donald Trump,52,Male,White,United States,United States,United States,English,DATA_EXPIRED,DATA_EXPIRED
691b7ef3f1fe9d7f111ba38e,English,Republican,"Yes, I would be comfortable to take part in such a study",Man (including Trans Male/Trans Man),White,Graduate degree (MA/MSc/MPhil/other),More than $150000,Donald Trump,Donald Trump,45,Male,White,United States,United States,United States,English,DATA_EXPIRED,DATA_EXPIRED
691b7ef5533482320e9df86d,English,Republican,"Yes, I would be comfortable to take part in such a study",Man (including Trans Male/Trans Man),Mixed,Graduate degree (MA/MSc/MPhil/other),$100000–$149999,Donald Trump,Donald Trump,44,Male,Mixed,United States,United States,United States,English,No,Full-Time
691b7ef9643661bf8298ff68,English,Republican,"Yes, I would be comfortable to take part in such a study",Woman (including Trans Female/Trans Woman),White,Undergraduate degree (BA/BSc/other),More than $150000,Donald Trump,Donald Trump,61,Female,White,Poland,United States,United States,Polish,No,DATA_EXPIRED
691b7efc2199bca577b368e8,English,Republican,"Yes, I would be comfortable to take part in such a study",Man (including Trans Male/Trans Man),White,Undergraduate degree (BA/BSc/other),$10000–$15999,Rather not say or N/A,Donald Trump,51,Male,White,United States,United States,United States,English,No,Full-Time
691b7f0254352537f8bc5760,English,Republican,"Yes, I would be comfortable to take part in such a study",Man (including Trans Male/Trans Man),White,Undergraduate degree (BA/BSc/other),$100000–$149999,Donald Trump,Donald Trump,43,Male,White,United States,United States,United States,English,No,Full-Time
691b7f1a162a01f5335629eb,English,Republican,"Yes, I would be comfortable to take part in such a study",Man (including Trans Male/Trans Man),White,Graduate degree (MA/MSc/MPhil/other),$70000–$79999,Rather not say or N/A,Donald Trump,35,Male,White,United States,United States,United States,English,No,Full-Time
691b7f1af15c67a26b884a14,"English, Spanish",Republican,"Yes, I would be comfortable to take part in such a study",Non-binary (would like to give more detail),White,Graduate degree (MA/MSc/MPhil/other),$100000–$149999,Donald Trump,Donald Trump,60,Female,White,United States,United States,United States,English,Yes,Full-Time
691b7f1d7d43ab5399de8ddb,English,Republican,"Yes, I would be comfortable to take part in such a study",Man (including Trans Male/Trans Man),White,Secondary education (e.g. GED/GCSE),Less than $10000,Donald Trump,Donald Trump,35,Male,White,United States,United States,United States,English,No,Unemployed (and job seeking)
691b7f2d9361c201b616b3aa,"French, English, Spanish",Republican,"Yes, I would be comfortable to take part in such a study",Man (including Trans Male/Trans Man),Black/African American,Doctorate degree (PhD/other),More than $150000,Donald Trump,Donald Trump,65,Male,Black,United States,United States,United States,English,No,Full-Time
691b7f605ed5d058a0ada7f1,English,Republican,"Yes, I would be comfortable to take part in such a study",Woman (including Trans Female/Trans Woman),Black/African American,Doctorate degree (PhD/other),More than $150000,Donald Trump,Donald Trump,32,Female,Black,United States,United States,United States,English,DATA_EXPIRED,DATA_EXPIRED
691b7f8612826602a31af5d5,English,Republican,"Yes, I would be comfortable to take part in such a study",Man (including Trans Male/Trans Man),White,Undergraduate degree (BA/BSc/other),$50000–$59999,Donald Trump,Donald Trump,43,Male,White,United States,United States,United States,English,Yes,Full-Time
691b7f9324d29b068f6a8270,English,Republican,"Yes, I would be comfortable to take part in such a study",Man (including Trans Male/Trans Man),East Asian,Graduate degree (MA/MSc/MPhil/other),$100000–$149999,Donald Trump,Donald Trump,57,Male,Asian,United States,United States,United States,English,No,Full-Time
691b802d17fb2e08892dd7c8,English,Republican,"Yes, I would be comfortable to take part in such a study",Man (including Trans Male/Trans Man),White,Undergraduate degree (BA/BSc/other),More than $150000,Donald Trump,Donald Trump,62,Male,White,United States,United States,United States,English,No,Full-Time
691b80318583050b82b0e7ee,English,Republican,"Yes, I would be comfortable to take part in such a study",Man (including Trans Male/Trans Man),White,Technical/community college,$100000–$149999,Donald Trump,Donald Trump,42,Male,White,United States,United States,United States,English,DATA_EXPIRED,DATA_EXPIRED
691b805263294f1b9da2457e,English,Republican,"Yes, I would be comfortable to take part in such a study",Woman (including Trans Female/Trans Woman),White,Undergraduate degree (BA/BSc/other),$100000–$149999,Donald Trump,Donald Trump,49,Female,White,United States,United States,United States,English,No,Full-Time
691b8053d1fef8599c762312,English,Republican,"Yes, I would be comfortable to take part in such a study",Man (including Trans Male/Trans Man),White Sephardic Jew,Undergraduate degree (BA/BSc/other),$90000–$99999,Donald Trump,Donald Trump,40,Male,White,United States,United States,United States,English,No,Full-Time
691b805d5c9ab382eb63c569,English,Republican,"Yes, I would be comfortable to take part in such a study",Man (including Trans Male/Trans Man),White,Graduate degree (MA/MSc/MPhil/other),More than $150000,Donald Trump,Donald Trump,44,Male,White,United States,United States,United States,English,No,Full-Time
691b807b703f5a2e45bdbff1,English,Republican,"Yes, I would be comfortable to take part in such a study",Man (including Trans Male/Trans Man),White,Undergraduate degree (BA/BSc/other),$100000–$149999,Joe Biden,Donald Trump,26,Male,DATA_EXPIRED,United States,United States,United States,English,DATA_EXPIRED,DATA_EXPIRED
691b808d3a4ec7cc7a98e765,English,Republican,"Yes, I would be comfortable to take part in such a study",Woman (including Trans Female/Trans Woman),White,High school diploma/A-levels,$60000–$69999,Donald Trump,Donald Trump,42,Female,Other,United States,United States,United States,English,No,"Not in paid work (e.g. homemaker', 'retired or disabled)"
691b8091f88f74eb10eb131f,English,Republican,"Yes, I would be comfortable to take part in such a study",Man (including Trans Male/Trans Man),White,High school diploma/A-levels,$50000–$59999,Donald Trump,Donald Trump,46,Male,White,United States,United States,United States,English,No,Full-Time
691b8099bf807534ec83ac16,English,Republican,"Yes, I would be comfortable to take part in such a study",Man (including Trans Male/Trans Man),White,Technical/community college,$30000–$39999,Donald Trump,Donald Trump,39,Male,White,United States,United States,United States,English,No,Full-Time
691b80c705badba697aed45d,English,Republican,"Yes, I would be comfortable to take part in such a study",Man (including Trans Male/Trans Man),White,Undergraduate degree (BA/BSc/other),$30000–$39999,Joe Biden,Kamala Harris,57,Male,White,United States,United States,United States,English,No,Full-Time
691b814f860ef69cedc841d8,English,Republican,"Yes, I would be comfortable to take part in such a study",Woman (including Trans Female/Trans Woman),White,Graduate degree (MA/MSc/MPhil/other),$30000–$39999,Donald Trump,Donald Trump,55,Female,White,United States,United States,United States,English,No,Part-Time
691b8155847d1f8af4691561,English,Republican,"Yes, I would be comfortable to take part in such a study",Woman (including Trans Female/Trans Woman),White,High school diploma/A-levels,$50000–$59999,I did not vote,I did not vote,19,Female,White,United States,United States,United States,English,Yes,Part-Time
691b81a67cd037140b9c66b1,"English, Spanish",Republican,"Yes, I would be comfortable to take part in such a study",Woman (including Trans Female/Trans Woman),Mixed,Undergraduate degree (BA/BSc/other),$100000–$149999,Joe Biden,Kamala Harris,38,Female,White,United States,United States,United States,English,No,Full-Time
691b81b2e9417b9ab013aac3,English,Republican,"Yes, I would be comfortable to take part in such a study",Man (including Trans Male/Trans Man),White,Graduate degree (MA/MSc/MPhil/other),More than $150000,Donald Trump,Donald Trump,60,Male,White,United States,United States,United States,English,DATA_EXPIRED,DATA_EXPIRED
691b81b329a591f1c371d194,English,Republican,"Yes, I would be comfortable to take part in such a study",Woman (including Trans Female/Trans Woman),White,Technical/community college,$50000–$59999,Donald Trump,Donald Trump,31,Female,White,United States,United States,United States,English,No,DATA_EXPIRED
691b821be0fda1c95b03e5e7,English,Republican,"Yes, I would be comfortable to take part in such a study",Man (including Trans Male/Trans Man),White,High school diploma/A-levels,$50000–$59999,Donald Trump,Donald Trump,28,Male,White,United States,United States,United States,English,No,Part-Time
691b8225ba60aed3bbbee119,English,Republican,"Yes, I would be comfortable to take part in such a study",Woman (including Trans Female/Trans Woman),White,Undergraduate degree (BA/BSc/other),$100000–$149999,I did not vote,Donald Trump,20,Female,White,United States,United States,United States,English,No,Full-Time
691b825f643661bf8298ffd1,English,Republican,"Yes, I would be comfortable to take part in such a study",Man (including Trans Male/Trans Man),White,Doctorate degree (PhD/other),$90000–$99999,Donald Trump,Donald Trump,36,Male,White,United States,United States,United States,English,DATA_EXPIRED,Full-Time
691b826a074e5a742aa67d1b,English,Republican,"Yes, I would be comfortable to take part in such a study",Woman (including Trans Female/Trans Woman),White,Graduate degree (MA/MSc/MPhil/other),$10000–$15999,Donald Trump,Donald Trump,35,Female,White,United States,United States,United States,English,No,"Not in paid work (e.g. homemaker', 'retired or disabled)"
691b826b44af82da31516384,English,Republican,"Yes, I would be comfortable to take part in such a study",Woman (including Trans Female/Trans Woman),White,High school diploma/A-levels,$10000–$15999,I did not vote,I did not vote,68,Female,White,United States,United States,United States,English,No,"Not in paid work (e.g. homemaker', 'retired or disabled)"
691b82916061448222c44404,English,Republican,"Yes, I would be comfortable to take part in such a study",Man (including Trans Male/Trans Man),White,Graduate degree (MA/MSc/MPhil/other),$100000–$149999,Donald Trump,Donald Trump,62,Male,White,United States,United States,United States,English,No,Other
691b829811a3187ba16f0695,English,Republican,"Yes, I would be comfortable to take part in such a study",Man (including Trans Male/Trans Man),White,Undergraduate degree (BA/BSc/other),$90000–$99999,Donald Trump,Donald Trump,69,Male,White,United States,United States,United States,English,No,"Not in paid work (e.g. homemaker', 'retired or disabled)"
691b82b16c4258a3549cf5a1,"Spanish, English",Republican,"Yes, I would be comfortable to take part in such a study",Man (including Trans Male/Trans Man),Latino/Hispanic,High school diploma/A-levels,$40000–$49999,Donald Trump,I did not vote,53,Male,Mixed,United States,United States,United States,Spanish,No,Part-Time
691b82b4701d6aef1c67f89f,English,Republican,"Yes, I would be comfortable to take part in such a study",Woman (including Trans Female/Trans Woman),White,Technical/community college,$100000–$149999,I did not vote,Donald Trump,34,Female,White,United States,United States,United States,English,No,Full-Time
691b82faa9e24cb14c9aee7f,English,Republican,"Yes, I would be comfortable to take part in such a study",Man (including Trans Male/Trans Man),South Asian,Technical/community college,$70000–$79999,Donald Trump,Donald Trump,39,Male,Asian,India,United States,United States,English,No,Part-Time
691b835a979598b25f5eaddb,English,Republican,"Yes, I would be comfortable to take part in such a study",Woman (including Trans Female/Trans Woman),White,High school diploma/A-levels,$70000–$79999,I did not vote,Donald Trump,54,Female,White,United States,United States,United States,English,No,"Not in paid work (e.g. homemaker', 'retired or disabled)"
691b8362738543e4f74e292e,English,Republican,"Yes, I would be comfortable to take part in such a study",Man (including Trans Male/Trans Man),East Asian,High school diploma/A-levels,$10000–$15999,I did not vote,I did not vote,36,Male,Asian,United States,United States,United States,English,No,Unemployed (and job seeking)
691b8394b887a66fbe7ebb20,"English, Arabic",Republican,"Yes, I would be comfortable to take part in such a study",Woman (including Trans Female/Trans Woman),Middle Eastern,Undergraduate degree (BA/BSc/other),$60000–$69999,Donald Trump,Donald Trump,36,Female,White,Iraq,United States,United States,Arabic,No,Unemployed (and job seeking)
691b83c6852a4920caeaf908,English,Republican,"Yes, I would be comfortable to take part in such a study",Woman (including Trans Female/Trans Woman),White,High school diploma/A-levels,$10000–$15999,Donald Trump,Donald Trump,50,Female,White,United States,United States,United States,English,No,"Not in paid work (e.g. homemaker', 'retired or disabled)"
691b83d47d2e9bf482b32c4d,English,Republican,"Yes, I would be comfortable to take part in such a study",Man (including Trans Male/Trans Man),White,Undergraduate degree (BA/BSc/other),$40000–$49999,Donald Trump,Donald Trump,46,Male,White,United States,United States,United States,English,No,Full-Time
691b83ddd82a679c969a1d38,English,Republican,"Yes, I would be comfortable to take part in such a study",Man (including Trans Male/Trans Man),White,Undergraduate degree (BA/BSc/other),More than $150000,Donald Trump,Donald Trump,31,Male,White,United States,United States,United States,English,DATA_EXPIRED,DATA_EXPIRED
691b83fb792493aa23f2211d,English,Republican,"Yes, I would be comfortable to take part in such a study",Woman (including Trans Female/Trans Woman),White,Doctorate degree (PhD/other),More than $150000,Donald Trump,Donald Trump,38,Female,White,United States,United States,United States,English,No,Full-Time
691b83feaa6c6a015a9a198a,English,Republican,"Yes, I would be comfortable to take part in such a study",Woman (including Trans Female/Trans Woman),White,Doctorate degree (PhD/other),$100000–$149999,Donald Trump,Donald Trump,69,Female,White,Japan,United States,United States,English,No,Part-Time
691b843fc395f5f4df473bcd,English,Republican,"Yes, I would be comfortable to take part in such a study",Woman (including Trans Female/Trans Woman),White,Technical/community college,$30000–$39999,Donald Trump,Donald Trump,59,Female,White,United States,United States,United States,English,No,Full-Time
691b8450b887a66fbe7ebb39,English,Republican,"Yes, I would be comfortable to take part in such a study",Woman (including Trans Female/Trans Woman),White,High school diploma/A-levels,$50000–$59999,Joe Biden,Kamala Harris,62,Female,White,United States,United States,United States,English,No,Full-Time
691b84e182203ac3f09df2a0,English,Republican,"Yes, I would be comfortable to take part in such a study",Woman (including Trans Female/Trans Woman),White,Graduate degree (MA/MSc/MPhil/other),$90000–$99999,Rather not say or N/A,Donald Trump,36,Female,White,United States,United States,United States,English,DATA_EXPIRED,DATA_EXPIRED
691b854cb3570b049d6caa38,"English, Spanish",Republican,"Yes, I would be comfortable to take part in such a study",Woman (including Trans Female/Trans Woman),White,High school diploma/A-levels,$70000–$79999,I did not vote,Donald Trump,44,Female,White,United States,United States,United States,English,Yes,Full-Time
691b855fc69652c140a68b2e,English,Republican,"Yes, I would be comfortable to take part in such a study",Woman (including Trans Female/Trans Woman),White,Graduate degree (MA/MSc/MPhil/other),$70000–$79999,Donald Trump,Donald Trump,52,Female,White,United States,United States,United States,English,DATA_EXPIRED,Part-Time
691b857750ab523953a6573c,English,Republican,"Yes, I would be comfortable to take part in such a study",Man (including Trans Male/Trans Man),White,Undergraduate degree (BA/BSc/other),$60000–$69999,Donald Trump,Donald Trump,41,Male,White,United States,United States,United States,English,No,"Not in paid work (e.g. homemaker', 'retired or disabled)"
691b857b362a68eb580db15c,English,Republican,"Yes, I would be comfortable to take part in such a study",Woman (including Trans Female/Trans Woman),White,Undergraduate degree (BA/BSc/other),$100000–$149999,Joe Biden,Kamala Harris,50,Female,White,United States,United States,United States,English,No,Part-Time
691b857f423d2bdf018a0971,"English, Spanish",Republican,"Yes, I would be comfortable to take part in such a study",Woman (including Trans Female/Trans Woman),Latino/Hispanic,Undergraduate degree (BA/BSc/other),More than $150000,Donald Trump,Donald Trump,35,Female,Mixed,United States,United States,United States,Spanish,No,Full-Time
691b858159e6e9b185990e6a,English,Republican,"Yes, I would be comfortable to take part in such a study",Woman (including Trans Female/Trans Woman),White,High school diploma/A-levels,$30000–$39999,Rather not say or N/A,Donald Trump,19,Female,White,United States,United States,United States,English,No,Unemployed (and job seeking)
691b85f89a69336f12aa5efa,English,Republican,"Yes, I would be comfortable to take part in such a study",Man (including Trans Male/Trans Man),Native American or Alaskan Native,Undergraduate degree (BA/BSc/other),$50000–$59999,Donald Trump,Donald Trump,42,Male,Other,United States,United States,United States,English,No,Full-Time
691b8638ac1487612a7587d0,English,Republican,"Yes, I would be comfortable to take part in such a study",Woman (including Trans Female/Trans Woman),White,Technical/community college,Less than $10000,Donald Trump,Donald Trump,47,Female,White,United States,United States,United States,English,No,Full-Time
691b86685f20a8cc729f0a37,English,Republican,"Yes, I would be comfortable to take part in such a study",Woman (including Trans Female/Trans Woman),White,Technical/community college,$50000–$59999,I did not vote,Donald Trump,51,Female,White,United States,United States,United States,English,No,Part-Time
691b867bb3983e931dcb0120,"English, German, Polish",Republican,"Yes, I would be comfortable to take part in such a study",Woman (including Trans Female/Trans Woman),White,Graduate degree (MA/MSc/MPhil/other),More than $150000,Donald Trump,Donald Trump,56,Female,White,Poland,United States,United States,Polish,No,Full-Time
691b86e6df414e5108e59256,English,Republican,"Yes, I would be comfortable to take part in such a study",Man (including Trans Male/Trans Man),White,Graduate degree (MA/MSc/MPhil/other),$70000–$79999,Joe Biden,Donald Trump,41,Male,White,United States,United States,United States,English,No,Part-Time
691b86fa79362d1bbf26a8f9,English,Republican,"Yes, I would be comfortable to take part in such a study",Man (including Trans Male/Trans Man),White,High school diploma/A-levels,$40000–$49999,Donald Trump,Donald Trump,32,Male,White,United States,United States,United States,English,No,Full-Time
691b87360b9b4fb23e5c1b9f,English,Republican,"Yes, I would be comfortable to take part in such a study",Woman (including Trans Female/Trans Woman),White,Graduate degree (MA/MSc/MPhil/other),Less than $10000,Donald Trump,Donald Trump,42,Female,White,United States,United States,United States,English,No,Full-Time
691b87709ef42a90f446f84d,English,Republican,"Yes, I would be comfortable to take part in such a study",Man (including Trans Male/Trans Man),Latino/Hispanic,Undergraduate degree (BA/BSc/other),$90000–$99999,Donald Trump,Donald Trump,42,Male,Other,United States,United States,United States,English,DATA_EXPIRED,DATA_EXPIRED
691b87dd89e40f7e97a33468,English,Republican,"Yes, I would be comfortable to take part in such a study",Woman (including Trans Female/Trans Woman),White,Technical/community college,$70000–$79999,Donald Trump,Donald Trump,35,Female,White,United States,United States,United States,English,No,"Not in paid work (e.g. homemaker', 'retired or disabled)"
691b883d20484176607fa3b0,English,Republican,"Yes, I would be comfortable to take part in such a study",Man (including Trans Male/Trans Man),White,Technical/community college,$50000–$59999,Donald Trump,Donald Trump,54,Male,White,United States,United States,United States,English,No,Full-Time
691b88457d43ab5399de9313,English,Republican,"Yes, I would be comfortable to take part in such a study",Woman (including Trans Female/Trans Woman),Black/African American,Technical/community college,$40000–$49999,Donald Trump,Donald Trump,44,Female,Black,United States,United States,United States,English,No,Full-Time
691b889c7ce91a5f2fff40f4,English,Republican,"Yes, I would be comfortable to take part in such a study",Man (including Trans Male/Trans Man),White,Undergraduate degree (BA/BSc/other),$100000–$149999,Donald Trump,I did not vote,42,Male,White,United States,United States,United States,English,No,Full-Time
691b89d1f63cf2c16bf7e902,English,Republican,"Yes, I would be comfortable to take part in such a study",Woman (including Trans Female/Trans Woman),White,Undergraduate degree (BA/BSc/other),$90000–$99999,Donald Trump,Donald Trump,58,Female,White,United States,United States,United States,English,DATA_EXPIRED,DATA_EXPIRED
691b89e42939550fe9defdc1,English,Republican,"Yes, I would be comfortable to take part in such a study",Man (including Trans Male/Trans Man),Latino/Hispanic,Undergraduate degree (BA/BSc/other),$100000–$149999,Donald Trump,Donald Trump,50,Male,Other,United States,United States,United States,English,DATA_EXPIRED,DATA_EXPIRED
691b8a183be031421797df88,English,Republican,"Yes, I would be comfortable to take part in such a study",Man (including Trans Male/Trans Man),White,Undergraduate degree (BA/BSc/other),More than $150000,Donald Trump,Donald Trump,59,Male,White,United States,United States,United States,English,No,Full-Time
691b8a3587edd988c147f2fb,English,Republican,"Yes, I would be comfortable to take part in such a study",Woman (including Trans Female/Trans Woman),Mixed,Technical/community college,$30000–$39999,Donald Trump,Donald Trump,67,Female,White,United States,United States,United States,English,No,Full-Time
691b8a6341a8b77bdac6ad27,English,Republican,"Yes, I would be comfortable to take part in such a study",Man (including Trans Male/Trans Man),White,Undergraduate degree (BA/BSc/other),$70000–$79999,Donald Trump,Donald Trump,44,Male,White,United States,United States,United States,English,No,Full-Time
691b8aa283572686ad6ec3d5,"English, Spanish",Republican,"Yes, I would be comfortable to take part in such a study",Woman (including Trans Female/Trans Woman),Latino/Hispanic,Undergraduate degree (BA/BSc/other),$40000–$49999,Donald Trump,Donald Trump,37,Female,White,United States,United States,United States,English,No,Other
691b8b0cb786a1c1d8d13bd1,English,Republican,"Yes, I would be comfortable to take part in such a study",Man (including Trans Male/Trans Man),Rather not say,Undergraduate degree (BA/BSc/other),Less than $10000,Donald Trump,Donald Trump,51,Male,Other,United States,United States,United States,English,No,"Not in paid work (e.g. homemaker', 'retired or disabled)"
691b8b1fa26b15a78badace9,English,Republican,"Yes, I would be comfortable to take part in such a study",Woman (including Trans Female/Trans Woman),White,Undergraduate degree (BA/BSc/other),$40000–$49999,Donald Trump,Donald Trump,51,Female,White,United States,United States,United States,English,No,Part-Time
691b8b64eb79de92b09e2cfb,English,Republican,"Yes, I would be comfortable to take part in such a study",Woman (including Trans Female/Trans Woman),White,Undergraduate degree (BA/BSc/other),Less than $10000,Donald Trump,Donald Trump,64,Female,White,United States,United States,United States,English,No,Full-Time
691b8b68d82a679c969a1dec,English,Republican,"Yes, I would be comfortable to take part in such a study",Man (including Trans Male/Trans Man),Black/African American,Undergraduate degree (BA/BSc/other),Less than $10000,Donald Trump,Donald Trump,35,Male,Black,United States,United States,United States,English,No,Full-Time
691b8b85f388c50f0015e58c,English,Republican,"Yes, I would be comfortable to take part in such a study",Woman (including Trans Female/Trans Woman),Mixed,Technical/community college,$20000–$29999,Donald Trump,Donald Trump,60,Female,White,United States,United States,United States,English,No,Part-Time
691b8be77596464b378ad685,English,Republican,"Yes, I would be comfortable to take part in such a study",Man (including Trans Male/Trans Man),Black/African American,High school diploma/A-levels,$90000–$99999,Donald Trump,Donald Trump,28,Male,Black,United States,United States,United States,English,No,Full-Time
691b8bed58fe944b9302be21,English,Republican,"Yes, I would be comfortable to take part in such a study",Man (including Trans Male/Trans Man),White,Graduate degree (MA/MSc/MPhil/other),More than $150000,Donald Trump,Donald Trump,36,Male,White,United States,United States,United States,English,No,Full-Time
691b8c576cf724b776d62b74,English,Republican,"Yes, I would be comfortable to take part in such a study",Man (including Trans Male/Trans Man),White,High school diploma/A-levels,$16000–$19999,Donald Trump,Donald Trump,33,Male,White,United States,United States,United States,English,No,Part-Time
691b8c5807c5b9bc1921634f,"Belarusian, English, French, Russian, Romanian, Swedish, Spanish",Republican,"Yes, I would be comfortable to take part in such a study",Woman (including Trans Female/Trans Woman),White,Undergraduate degree (BA/BSc/other),$20000–$29999,Joe Biden,Kamala Harris,19,Female,White,Belarus,United States,United States,English,DATA_EXPIRED,DATA_EXPIRED
691b8ccc79362d1bbf26a9e5,English,Republican,"Yes, I would be comfortable to take part in such a study",Woman (including Trans Female/Trans Woman),Black/African American,High school diploma/A-levels,Less than $10000,I did not vote,Donald Trump,35,Female,Black,United States,United States,United States,English,No,Full-Time
691b8d4187edd988c147f35f,English,Republican,"Yes, I would be comfortable to take part in such a study",Woman (including Trans Female/Trans Woman),White,Undergraduate degree (BA/BSc/other),More than $150000,Donald Trump,Donald Trump,57,Female,White,United States,United States,United States,English,No,Full-Time
691b8dce8583050b82b0ea80,English,Republican,"Yes, I would be comfortable to take part in such a study",Man (including Trans Male/Trans Man),White,Technical/community college,$90000–$99999,Donald Trump,I did not vote,35,Male,White,United States,United States,United States,English,DATA_EXPIRED,DATA_EXPIRED
691b8de9eea7dbf8f2aeded9,English,Republican,"Yes, I would be comfortable to take part in such a study",Man (including Trans Male/Trans Man),White,Technical/community college,$80000–$89999,I did not vote,Donald Trump,34,Male,White,United States,United States,United States,English,No,Full-Time
691b8eba0414f4ba43fb98ab,English,Republican,"Yes, I would be comfortable to take part in such a study",Man (including Trans Male/Trans Man),Latino/Hispanic,High school diploma/A-levels,$80000–$89999,Donald Trump,Donald Trump,37,Male,White,United States,United States,United States,English,No,Full-Time
691b8fc6f9f9dc8f26084819,English,Republican,"Yes, I would be comfortable to take part in such a study",Man (including Trans Male/Trans Man),White,Undergraduate degree (BA/BSc/other),$100000–$149999,Donald Trump,Donald Trump,63,Male,White,United States,United States,United States,English,No,Full-Time
691b8fc8860ef69cedc843e2,English,Republican,"Yes, I would be comfortable to take part in such a study",Man (including Trans Male/Trans Man),Latino/Hispanic,Undergraduate degree (BA/BSc/other),$80000–$89999,Donald Trump,Donald Trump,55,Male,White,United States,United States,United States,English,Yes,Full-Time
691b900394c58acbb37c248f,English,Republican,"Yes, I would be comfortable to take part in such a study",Man (including Trans Male/Trans Man),East Asian,Undergraduate degree (BA/BSc/other),$60000–$69999,Donald Trump,Donald Trump,40,Male,Mixed,Pakistan,United States,United States,English,No,Full-Time
691b9022548aac394b5c19cf,English,Republican,"Yes, I would be comfortable to take part in such a study",Man (including Trans Male/Trans Man),East Asian,Technical/community college,$70000–$79999,Donald Trump,Donald Trump,66,Male,Asian,United States,United States,United States,English,No,Full-Time
691b90a4eb08cdfbfa91645c,English,Republican,"Yes, I would be comfortable to take part in such a study",Woman (including Trans Female/Trans Woman),White,Graduate degree (MA/MSc/MPhil/other),$50000–$59999,Donald Trump,Donald Trump,68,Female,White,United States,United States,United States,English,No,Other
691b914fccef6a324b05ac0e,English,Republican,"Yes, I would be comfortable to take part in such a study",Woman (including Trans Female/Trans Woman),White,High school diploma/A-levels,Less than $10000,Donald Trump,Donald Trump,54,Female,White,United States,United States,United States,English,No,Other
691b94624244df777525b144,English,Republican,"Yes, I would be comfortable to take part in such a study",Man (including Trans Male/Trans Man),White,Undergraduate degree (BA/BSc/other),$100000–$149999,Donald Trump,Donald Trump,46,Male,White,United States,United States,United States,English,DATA_EXPIRED,DATA_EXPIRED
691b94cf0894888d694ced1f,"Dutch, English, French, Korean, Japanese, Spanish",Republican,"Yes, I would be comfortable to take part in such a study",Man (including Trans Male/Trans Man),Black/African American,Undergraduate degree (BA/BSc/other),$100000–$149999,Donald Trump,Donald Trump,28,Male,Black,United States,United States,United States,English,No,Full-Time
691b95fe7ba33dd6fafa8fdc,English,Republican,"Yes, I would be comfortable to take part in such a study",Woman (including Trans Female/Trans Woman),White,Technical/community college,Less than $10000,Donald Trump,Donald Trump,59,Female,White,United States,United States,United States,English,No,Full-Time
691b9696514959588661c077,English,Republican,"Yes, I would be comfortable to take part in such a study",Man (including Trans Male/Trans Man),Latino/Hispanic,Technical/community college,$90000–$99999,Donald Trump,Donald Trump,50,Male,Other,United States,United States,United States,English,DATA_EXPIRED,DATA_EXPIRED
691b987e15e2c63d519413fc,English,Republican,"Yes, I would be comfortable to take part in such a study",Woman (including Trans Female/Trans Woman),White,Doctorate degree (PhD/other),More than $150000,Donald Trump,Donald Trump,49,Female,White,United States,United States,United States,English,DATA_EXPIRED,DATA_EXPIRED
691b9b863a4ec7cc7a98eb12,English,Republican,"Yes, I would be comfortable to take part in such a study",Man (including Trans Male/Trans Man),White,Graduate degree (MA/MSc/MPhil/other),$60000–$69999,Donald Trump,Donald Trump,73,Male,White,United States,United States,United States,English,No,"Not in paid work (e.g. homemaker', 'retired or disabled)"
691ba29ae651019f70eaa5c4,English,Republican,"Yes, I would be comfortable to take part in such a study",Woman (including Trans Female/Trans Woman),White,High school diploma/A-levels,$20000–$29999,Donald Trump,Donald Trump,78,Female,White,United States,United States,United States,English,No,"Not in paid work (e.g. homemaker', 'retired or disabled)"
691b7659c4bfbe28186c8137,CONSENT_REVOKED,CONSENT_REVOKED,CONSENT_REVOKED,CONSENT_REVOKED,CONSENT_REVOKED,CONSENT_REVOKED,CONSENT_REVOKED,CONSENT_REVOKED,CONSENT_REVOKED,CONSENT_REVOKED,CONSENT_REVOKED,CONSENT_REVOKED,CONSENT_REVOKED,CONSENT_REVOKED,CONSENT_REVOKED,CONSENT_REVOKED,CONSENT_REVOKED,CONSENT_REVOKED
691b7666f551de7b868832de,CONSENT_REVOKED,CONSENT_REVOKED,CONSENT_REVOKED,CONSENT_REVOKED,CONSENT_REVOKED,CONSENT_REVOKED,CONSENT_REVOKED,CONSENT_REVOKED,CONSENT_REVOKED,CONSENT_REVOKED,CONSENT_REVOKED,CONSENT_REVOKED,CONSENT_REVOKED,CONSENT_REVOKED,CONSENT_REVOKED,CONSENT_REVOKED,CONSENT_REVOKED,CONSENT_REVOKED
691b76c5911563dabaf6282d,CONSENT_REVOKED,CONSENT_REVOKED,CONSENT_REVOKED,CONSENT_REVOKED,CONSENT_REVOKED,CONSENT_REVOKED,CONSENT_REVOKED,CONSENT_REVOKED,CONSENT_REVOKED,CONSENT_REVOKED,CONSENT_REVOKED,CONSENT_REVOKED,CONSENT_REVOKED,CONSENT_REVOKED,CONSENT_REVOKED,CONSENT_REVOKED,CONSENT_REVOKED,CONSENT_REVOKED
691b7a2987f5e99ddf84b74e,CONSENT_REVOKED,CONSENT_REVOKED,CONSENT_REVOKED,CONSENT_REVOKED,CONSENT_REVOKED,CONSENT_REVOKED,CONSENT_REVOKED,CONSENT_REVOKED,CONSENT_REVOKED,CONSENT_REVOKED,CONSENT_REVOKED,CONSENT_REVOKED,CONSENT_REVOKED,CONSENT_REVOKED,CONSENT_REVOKED,CONSENT_REVOKED,CONSENT_REVOKED,CONSENT_REVOKED
691b7c25255bd187f5915c84,"English, Spanish",Republican,"Yes, I would be comfortable to take part in such a study",Woman (including Trans Female/Trans Woman),Latino/Hispanic,Undergraduate degree (BA/BSc/other),$40000–$49999,Joe Biden,Donald Trump,40,Female,Mixed,United States,United States,United States,English,No,Full-Time
691b7c860301cc88cc63c502,CONSENT_REVOKED,CONSENT_REVOKED,CONSENT_REVOKED,CONSENT_REVOKED,CONSENT_REVOKED,CONSENT_REVOKED,CONSENT_REVOKED,CONSENT_REVOKED,CONSENT_REVOKED,CONSENT_REVOKED,CONSENT_REVOKED,CONSENT_REVOKED,CONSENT_REVOKED,CONSENT_REVOKED,CONSENT_REVOKED,CONSENT_REVOKED,CONSENT_REVOKED,CONSENT_REVOKED
691b7d06c3d6e14460aed75e,CONSENT_REVOKED,CONSENT_REVOKED,CONSENT_REVOKED,CONSENT_REVOKED,CONSENT_REVOKED,CONSENT_REVOKED,CONSENT_REVOKED,CONSENT_REVOKED,CONSENT_REVOKED,CONSENT_REVOKED,CONSENT_REVOKED,CONSENT_REVOKED,CONSENT_REVOKED,CONSENT_REVOKED,CONSENT_REVOKED,CONSENT_REVOKED,CONSENT_REVOKED,CONSENT_REVOKED
691b7daedda2ae8ceff7eb17,CONSENT_REVOKED,CONSENT_REVOKED,CONSENT_REVOKED,CONSENT_REVOKED,CONSENT_REVOKED,CONSENT_REVOKED,CONSENT_REVOKED,CONSENT_REVOKED,CONSENT_REVOKED,CONSENT_REVOKED,CONSENT_REVOKED,CONSENT_REVOKED,CONSENT_REVOKED,CONSENT_REVOKED,CONSENT_REVOKED,CONSENT_REVOKED,CONSENT_REVOKED,CONSENT_REVOKED
691b822d55fd49bb2d03e1a3,English,Republican,"Yes, I would be comfortable to take part in such a study",Man (including Trans Male/Trans Man),White,Graduate degree (MA/MSc/MPhil/other),$30000–$39999,Donald Trump,Donald Trump,43,Male,White,United States,United States,United States,English,No,Full-Time